{
    "RNN_Pretrained=True": {
        "Accuracy": 0.3,
        "F1-score": 0.15384615384615385
    },
    "RNN_Pretrained=False": {
        "Accuracy": 0.3,
        "F1-score": 0.15384615384615385
    }
}